,Survived,Pclass,Sex,Age,SibSp,Parch,Fare,Embarked,Deck,relatives,not_alone,Title,Age_imputed,Age_Class,Fare_Per_Person
0,0,3,male,2,1,0,0,0,M,1,0,1,-0.5484711686764845,0.08131551387188703,3
1,1,1,female,5,1,0,3,2,C,1,0,3,0.6332128881437041,-0.7827630823158106,35
2,1,3,female,3,0,0,1,0,M,0,1,2,-0.2530501544714373,0.4516349122380432,7
3,1,1,female,5,1,0,3,0,C,1,0,3,0.4116471274899187,-0.8753429319073497,26
4,0,3,male,5,0,0,1,0,M,0,1,1,0.4116471274899187,1.2848535585618945,8
5,0,3,male,4,0,0,1,1,M,0,1,1,-0.05180265134485492,0.703904895404508,8
6,0,1,male,6,0,0,3,0,E,0,1,1,1.8148969449638928,-0.2890038844942691,51
7,0,3,male,0,3,1,2,0,M,4,0,4,-2.0255762397017203,-1.7702814779588936,4
8,1,3,female,3,0,2,1,0,M,2,0,3,-0.17919490092017554,0.5442147618295822,3
9,1,2,female,1,1,0,2,2,M,1,0,3,-1.1393131970865789,-1.0913625809542742,15
10,1,3,female,0,1,1,2,0,G,2,0,2,-1.8778657325991965,-1.5851217787758156,5
11,1,1,female,6,0,0,2,0,C,0,1,2,2.1103179591689396,-0.16556408503888373,26
12,0,3,male,2,0,0,1,0,M,0,1,1,-0.696181675779008,-0.10384418531119104,8
13,0,3,male,5,1,5,3,0,M,6,0,1,0.7070681416949659,1.6551729569280507,4
14,0,3,female,1,0,0,0,0,M,0,1,2,-1.1393131970865789,-0.6593232828604253,7
15,1,2,female,6,0,0,2,0,M,0,1,3,1.8887521985151545,1.4391533078811263,16
16,0,3,male,0,4,1,2,1,M,5,0,4,-2.0255762397017203,-1.7702814779588936,4
17,1,2,male,4,0,0,1,0,M,0,1,1,0.24682381773527334,0.0670145614959581,13
18,0,3,female,4,1,0,2,0,M,1,0,3,0.11622611328487159,0.9145341601957383,9
19,1,3,female,4,0,0,0,2,M,0,1,3,0.301983266156227,1.1473865091683972,7
20,0,2,male,5,0,0,2,0,M,0,1,1,0.4116471274899187,0.20475531332727243,26
21,1,2,male,5,0,0,1,0,D,0,1,1,0.33779187393865695,0.14303541359957972,13
22,1,3,female,1,0,0,1,1,M,0,1,2,-1.0654579435353169,-0.5667434332688862,8
23,1,1,male,4,0,0,3,0,A,0,1,1,-0.10533964736891376,-1.0913625809542742,35
24,0,3,female,0,3,1,2,0,M,4,0,2,-1.5824447183941495,-1.2148023804096595,4
25,1,3,female,5,1,5,3,0,M,6,0,3,0.6332128881437041,1.5625931073365116,4
26,0,3,male,4,0,0,0,2,M,0,1,1,-0.05180265134485492,0.703904895404508,7
27,0,1,male,2,3,2,5,0,C,5,0,1,-0.7700369293302698,-1.3691021297288912,43
28,1,3,female,1,0,0,0,1,M,0,1,2,-0.9825045790393345,-0.46275881959723003,7
29,0,3,male,4,0,0,0,0,M,0,1,1,-0.05180265134485492,0.703904895404508,7
30,0,1,male,5,0,0,2,2,M,0,1,5,0.7809233952462277,-0.721043182588118,27
31,1,1,female,5,1,0,4,2,B,1,0,3,0.8104654966667323,-0.7086992026425795,73
32,1,3,female,1,0,0,0,1,M,0,1,2,-0.9825045790393345,-0.46275881959723003,7
33,0,2,male,6,0,0,1,0,M,0,1,1,2.701159987579034,2.1180722048857454,10
34,0,1,male,4,1,0,3,2,M,1,0,1,-0.10533964736891376,-1.0913625809542742,41
35,0,1,male,6,1,0,3,0,M,1,0,1,0.9286339023487512,-0.6593232828604253,26
36,1,3,male,4,0,0,0,2,M,0,1,1,-0.05180265134485492,0.703904895404508,7
37,0,3,male,2,0,0,1,0,M,0,1,1,-0.6223264222277463,-0.011264335719652002,8
38,0,3,female,1,2,0,2,0,M,2,0,2,-0.8438921828815316,-0.2890038844942691,6
39,1,3,female,1,1,0,1,2,M,1,0,2,-1.1393131970865789,-0.6593232828604253,5
40,0,3,female,5,1,0,1,0,M,1,0,3,0.7809233952462277,1.7477528065195898,4
41,0,2,female,3,1,0,2,0,M,1,0,3,-0.17919490092017554,-0.2890038844942691,10
42,0,3,male,4,0,0,0,2,M,0,1,1,-0.05180265134485492,0.703904895404508,7
43,1,2,female,0,1,2,3,2,M,3,0,2,-1.9517209861504583,-1.7702814779588936,10
44,1,3,female,2,0,0,0,1,M,0,1,2,-0.7700369293302698,-0.19642403490273008,7
45,0,3,male,4,0,0,1,0,M,0,1,1,-0.05180265134485492,0.703904895404508,8
46,0,3,male,4,1,0,2,1,M,1,0,1,-0.05180265134485492,0.703904895404508,7
47,1,3,female,1,0,0,0,1,M,0,1,2,-0.9825045790393345,-0.46275881959723003,7
48,0,3,male,4,2,0,2,2,M,2,0,1,-0.05180265134485492,0.703904895404508,7
49,0,3,female,1,1,0,2,0,M,1,0,3,-0.8438921828815316,-0.2890038844942691,8
50,0,3,male,0,4,1,3,0,M,5,0,4,-1.6562999719454112,-1.3073822300011986,6
51,0,3,male,2,0,0,0,0,M,0,1,1,-0.6223264222277463,-0.011264335719652002,7
52,1,1,female,6,1,0,3,2,D,1,0,3,1.4456206772075837,-0.44330363381350085,38
53,1,2,female,4,1,0,2,0,M,1,0,3,-0.03148439381765197,-0.16556408503888373,13
54,0,1,male,6,0,1,3,2,B,1,0,1,2.6273047340277724,0.05045556400804069,30
55,1,1,male,6,0,0,3,0,C,0,1,1,0.8976486522956356,-0.6722702733205447,35
56,1,2,female,2,0,0,1,0,M,0,1,2,-0.6223264222277463,-0.6593232828604253,10
57,0,3,male,4,0,0,0,2,M,0,1,1,-0.06841202059328287,0.6830845362168908,7
58,1,2,female,0,1,2,2,0,M,3,0,2,-1.8040104790479348,-1.6468416785035083,6
59,0,3,male,0,5,2,3,0,M,7,0,4,-1.3608789577403642,-0.9370628316350423,5
60,0,3,male,2,0,0,0,2,M,0,1,1,-0.5484711686764845,0.08131551387188703,7
61,1,1,female,5,0,0,3,0,B,0,1,2,0.6332128881437041,-0.7827630823158106,80
62,0,1,male,6,1,0,3,0,C,1,0,1,1.1501996630025366,-0.5667434332688862,41
63,0,3,male,0,3,2,2,0,M,5,0,4,-1.8778657325991965,-1.5851217787758156,4
64,0,1,male,6,0,0,2,2,M,0,1,1,0.8976486522956356,-0.6722702733205447,27
65,1,3,male,0,1,1,2,2,M,2,0,4,-1.778099594260367,-1.4600618319525782,5
66,1,2,female,4,0,0,1,0,F,0,1,3,-0.03148439381765197,-0.16556408503888373,10
67,0,3,male,2,0,0,1,0,M,0,1,1,-0.7700369293302698,-0.19642403490273008,8
68,1,3,female,1,4,2,1,0,M,6,0,2,-0.9177474364327934,-0.38158373408580815,1
69,0,3,male,3,2,0,1,0,M,2,0,1,-0.2530501544714373,0.4516349122380432,2
70,0,2,male,4,0,0,1,0,M,0,1,1,0.1900813668361334,0.019595614144194345,10
71,0,3,female,1,5,2,3,0,M,7,0,2,-0.9916026899840552,-0.4741635836773472,5
72,0,2,male,2,0,0,3,0,M,0,1,1,-0.6223264222277463,-0.6593232828604253,73
73,0,3,male,3,1,0,2,2,M,1,0,1,-0.2530501544714373,0.4516349122380432,7
74,1,3,male,4,0,0,3,0,M,0,1,1,0.1900813668361334,1.0071140097872773,56
75,0,3,male,3,0,0,0,0,F,0,1,1,-0.32690540802269913,0.35905506264650416,7
76,0,3,male,4,0,0,0,0,M,0,1,1,-0.05180265134485492,0.703904895404508,7
77,0,3,male,4,0,0,1,0,M,0,1,1,-0.05180265134485492,0.703904895404508,8
78,1,2,male,0,0,2,2,0,M,2,0,4,-2.1119868863566964,-1.904213660367987,9
79,1,3,female,4,0,0,1,0,M,0,1,2,0.04237085973360981,0.8219543106041993,12
80,0,3,male,2,0,0,1,0,M,0,1,1,-0.5484711686764845,0.08131551387188703,9
81,1,3,male,4,0,0,1,0,M,0,1,1,-0.03148439381765197,0.7293744610126602,9
82,1,3,female,1,0,0,0,1,M,0,1,2,-0.9825045790393345,-0.46275881959723003,7
83,0,1,male,4,0,0,3,0,M,0,1,1,-0.10533964736891376,-1.0913625809542742,47
84,1,2,female,1,0,0,1,0,M,0,1,2,-0.9177474364327934,-0.906202881771196,10
85,1,3,female,4,3,0,2,0,M,3,0,3,0.2639366203873952,1.0996938593788164,3
86,0,3,male,1,1,3,3,0,M,4,0,1,-0.9916026899840552,-0.4741635836773472,6
87,0,3,male,4,0,0,1,0,M,0,1,1,-0.05180265134485492,0.703904895404508,8
88,1,1,female,3,3,2,5,0,C,5,0,2,-0.47461591512522266,-1.2456623302735057,43
89,0,3,male,3,0,0,1,0,M,0,1,1,-0.4007606615739609,0.2664752130549651,8
90,0,3,male,4,0,0,1,0,M,0,1,1,-0.03148439381765197,0.7293744610126602,8
91,0,3,male,2,0,0,0,0,M,0,1,1,-0.696181675779008,-0.10384418531119104,7
92,0,1,male,6,1,0,3,0,E,1,0,1,1.2240549165537984,-0.5358834834050399,30
93,0,3,male,3,1,2,2,0,M,3,0,1,-0.2530501544714373,0.4516349122380432,5
94,0,3,male,6,0,0,0,0,M,0,1,1,2.1841732127202014,3.5067699487588313,7
95,0,3,male,4,0,0,1,0,M,0,1,1,-0.05180265134485492,0.703904895404508,8
96,0,1,male,6,0,0,3,2,A,0,1,1,3.070436255335343,0.23561526319111875,34
97,1,1,male,3,0,1,3,2,D,1,0,1,-0.47461591512522266,-1.2456623302735057,31
98,1,2,female,5,0,1,2,0,M,1,0,3,0.33779187393865695,0.14303541359957972,11
99,0,2,male,5,1,0,2,0,M,1,0,1,0.33779187393865695,0.14303541359957972,13
100,0,3,female,4,0,0,0,0,M,0,1,2,-0.10533964736891376,0.6367946114211213,7
101,0,3,male,4,0,0,0,0,M,0,1,1,-0.05180265134485492,0.703904895404508,7
102,0,1,male,2,0,1,3,0,D,1,0,1,-0.6223264222277463,-1.3073822300011986,38
103,0,3,male,4,0,0,1,0,M,0,1,1,0.2639366203873952,1.0996938593788164,8
104,0,3,male,5,2,0,1,0,M,2,0,1,0.5593576345924423,1.4700132577449725,2
105,0,3,male,4,0,0,0,0,M,0,1,1,-0.10533964736891376,0.6367946114211213,7
106,1,3,female,2,0,0,0,0,M,0,1,2,-0.6223264222277463,-0.011264335719652002,7
107,1,3,male,4,0,0,0,0,M,0,1,1,-0.05180265134485492,0.703904895404508,7
108,0,3,male,5,0,0,0,0,M,0,1,1,0.6332128881437041,1.5625931073365116,7
109,1,3,female,1,1,0,2,1,M,1,0,2,-0.9825045790393345,-0.46275881959723003,12
110,0,1,male,6,0,0,3,0,C,0,1,1,1.2979101701050602,-0.5050235335411936,52
111,0,3,female,1,1,0,2,2,M,1,0,2,-1.1023855703109477,-0.6130333580646558,7
112,0,3,male,2,0,0,1,0,M,0,1,1,-0.5484711686764845,0.08131551387188703,8
113,0,3,female,2,1,0,1,0,M,1,0,2,-0.696181675779008,-0.10384418531119104,4
114,0,3,female,1,0,0,2,2,M,0,1,2,-0.9177474364327934,-0.38158373408580815,14
115,0,3,male,2,0,0,1,0,M,0,1,1,-0.6223264222277463,-0.011264335719652002,7
116,0,3,male,6,0,0,0,1,M,0,1,1,3.033508628559712,4.57143821906153,7
117,0,2,male,4,1,0,2,0,M,1,0,1,-0.03148439381765197,-0.16556408503888373,10
118,0,1,male,3,0,1,4,2,B,1,0,1,-0.4007606615739609,-1.2148023804096595,123
119,0,3,female,0,4,2,3,0,M,6,0,2,-2.0255762397017203,-1.7702814779588936,4
120,0,2,male,2,2,0,3,0,M,2,0,1,-0.6223264222277463,-0.6593232828604253,24
121,0,3,male,4,0,0,1,0,M,0,1,1,-0.05180265134485492,0.703904895404508,8
122,0,2,male,4,1,0,2,2,M,1,0,1,0.22700899361176427,0.05045556400804069,15
123,1,2,female,4,0,0,1,0,E,0,1,2,0.22700899361176427,0.05045556400804069,13
124,0,1,male,6,0,1,3,0,D,1,0,1,1.8148969449638928,-0.2890038844942691,38
125,1,3,male,1,1,0,1,2,M,1,0,4,-1.2870237041891024,-0.8444829820435034,5
126,0,3,male,4,0,0,0,1,M,0,1,1,-0.05180265134485492,0.703904895404508,7
127,1,3,male,3,0,0,0,0,M,0,1,1,-0.4007606615739609,0.2664752130549651,7
128,1,3,female,1,1,1,2,2,F,2,0,2,-0.9825045790393345,-0.46275881959723003,7
129,0,3,male,6,0,0,0,0,M,0,1,1,1.1501996630025366,2.2106520544772845,6
130,0,3,male,4,0,0,0,2,M,0,1,1,0.2639366203873952,1.0996938593788164,7
131,0,3,male,2,0,0,0,0,M,0,1,1,-0.696181675779008,-0.10384418531119104,7
132,0,3,female,6,1,0,2,0,M,1,0,3,1.2979101701050602,2.3958117536603627,7
133,1,2,female,4,1,0,2,0,M,1,0,3,-0.03148439381765197,-0.16556408503888373,13
134,0,2,male,3,0,0,1,0,M,0,1,1,-0.32690540802269913,-0.41244368394965447,13
135,0,2,male,3,0,0,2,2,M,0,1,1,-0.47461591512522266,-0.5358834834050399,15
136,1,1,female,2,0,2,2,0,D,2,0,2,-0.7700369293302698,-1.3691021297288912,8
137,0,1,male,5,1,0,3,0,C,1,0,1,0.5593576345924423,-0.8136230321796569,26
138,0,3,male,1,0,0,1,0,M,0,1,1,-0.9916026899840552,-0.4741635836773472,9
139,0,1,male,3,0,0,3,2,B,0,1,1,-0.4007606615739609,-1.2148023804096595,79
140,0,3,female,4,0,2,2,2,M,2,0,3,0.301983266156227,1.1473865091683972,5
141,1,3,female,2,0,0,0,0,M,0,1,2,-0.5484711686764845,0.08131551387188703,7
142,1,3,female,3,1,0,2,0,M,1,0,3,-0.4007606615739609,0.2664752130549651,7
143,0,3,male,2,0,0,0,1,M,0,1,1,-0.7700369293302698,-0.19642403490273008,6
144,0,2,male,1,0,0,1,0,M,0,1,1,-0.8438921828815316,-0.8444829820435034,11
145,0,2,male,2,1,1,3,0,M,2,0,1,-0.7700369293302698,-0.7827630823158106,12
146,1,3,male,3,0,0,0,0,M,0,1,1,-0.17919490092017554,0.5442147618295822,7
147,0,3,female,0,2,2,3,0,M,4,0,2,-1.5085894648428877,-1.1222225308181204,6
148,0,2,male,5,0,2,2,0,F,2,0,1,0.5224300078168114,0.29733516291881146,8
149,0,2,male,6,0,0,1,0,M,0,1,5,0.9286339023487512,0.6367946114211213,13
150,0,2,male,6,0,0,1,0,M,0,1,5,1.5933311843101072,1.1922737089703555,12
151,1,1,female,2,1,0,3,0,C,1,0,3,-0.5484711686764845,-1.2765222801373521,33
152,0,3,male,6,0,0,1,0,M,0,1,1,1.9256798252907854,3.1827404751884445,8
153,0,3,male,5,0,2,2,0,M,2,0,1,0.8178510220218586,1.794042731315359,4
154,0,3,male,4,0,0,0,0,M,0,1,1,-0.05180265134485492,0.703904895404508,7
155,0,1,male,6,0,1,3,2,M,1,0,1,1.5933311843101072,-0.38158373408580815,30
156,1,3,female,1,0,0,0,1,M,0,1,2,-0.9916026899840552,-0.4741635836773472,7
157,0,3,male,4,0,0,1,0,M,0,1,1,0.04237085973360981,0.8219543106041993,8
158,0,3,male,4,0,0,1,0,M,0,1,1,-0.05180265134485492,0.703904895404508,8
159,0,3,male,0,8,2,3,0,M,10,0,4,-1.778099594260367,-1.4600618319525782,6
160,0,3,male,6,0,1,2,0,M,1,0,1,1.0763444094512749,2.1180722048857454,8
161,1,2,female,5,0,0,2,0,M,0,1,3,0.7809233952462277,0.5133548119657358,15
162,0,3,male,3,0,0,0,0,M,0,1,1,-0.2530501544714373,0.4516349122380432,7
163,0,3,male,1,0,0,1,0,M,0,1,1,-0.9177474364327934,-0.38158373408580815,8
164,0,3,male,0,4,1,3,0,M,5,0,4,-2.099431493252982,-1.8628613275504327,6
165,1,3,male,0,0,2,2,0,M,2,0,4,-1.5085894648428877,-1.1222225308181204,6
166,1,1,female,5,0,1,3,0,E,1,0,3,0.8104654966667323,-0.7086992026425795,27
167,0,3,female,6,1,4,2,0,M,5,0,3,1.1501996630025366,2.2106520544772845,4
168,0,1,male,6,0,0,2,0,M,0,1,1,0.8976486522956356,-0.6722702733205447,25
169,0,3,male,4,0,0,3,0,M,0,1,1,-0.10533964736891376,0.6367946114211213,56
170,0,1,male,6,0,0,3,0,B,0,1,1,2.3318837198227254,-0.0729842354473447,33
171,0,3,male,0,4,1,2,1,M,5,0,4,-1.8778657325991965,-1.5851217787758156,4
172,1,3,female,0,1,1,1,0,M,2,0,2,-2.099431493252982,-1.8628613275504327,3
173,0,3,male,2,0,0,1,0,M,0,1,1,-0.6223264222277463,-0.011264335719652002,7
174,0,1,male,6,0,0,2,2,A,0,1,1,1.9626074520664163,-0.2272839847665764,30
175,0,3,male,1,1,1,0,0,M,2,0,1,-0.8438921828815316,-0.2890038844942691,2
176,0,3,male,0,3,1,2,0,M,4,0,4,-1.778099594260367,-1.4600618319525782,5
177,0,1,female,6,0,0,2,2,C,0,1,2,1.5194759307588455,-0.41244368394965447,28
178,0,2,male,4,0,0,1,0,M,0,1,1,0.04237085973360981,-0.10384418531119104,13
179,0,3,male,5,0,0,0,0,M,0,1,1,0.48550238104118054,1.3774334081534336,0
180,0,3,female,1,8,2,3,0,M,10,0,2,-0.9825045790393345,-0.46275881959723003,6
181,0,2,male,4,0,0,2,2,M,0,1,1,0.24682381773527334,0.0670145614959581,15
182,0,3,male,0,4,2,3,0,M,6,0,4,-1.5085894648428877,-1.1222225308181204,4
183,1,2,male,0,2,1,3,0,F,3,0,4,-2.099431493252982,-1.893721277414279,9
184,1,3,female,0,0,2,2,0,M,2,0,2,-1.8778657325991965,-1.5851217787758156,7
185,0,1,male,6,0,0,3,0,A,0,1,1,0.8976486522956356,-0.6722702733205447,50
186,1,3,female,4,1,0,2,1,M,1,0,3,0.301983266156227,1.1473865091683972,7
187,1,1,male,6,0,0,2,0,M,0,1,1,1.1501996630025366,-0.5667434332688862,26
188,0,3,male,5,1,1,2,1,M,2,0,1,0.7809233952462277,1.7477528065195898,5
189,0,3,male,5,0,0,0,0,M,0,1,1,0.48550238104118054,1.3774334081534336,7
190,1,2,female,4,0,0,1,0,M,0,1,3,0.1900813668361334,0.019595614144194345,13
191,0,2,male,2,0,0,1,0,M,0,1,1,-0.7700369293302698,-0.7827630823158106,13
192,1,3,female,2,1,0,0,0,M,1,0,2,-0.7700369293302698,-0.19642403490273008,3
193,1,2,male,0,1,1,2,0,F,2,0,4,-1.9517209861504583,-1.7702814779588936,8
194,1,1,female,6,0,0,2,2,B,0,1,3,1.0763444094512749,-0.5976033831327325,27
195,1,1,female,6,0,0,4,2,B,0,1,2,2.1103179591689396,-0.16556408503888373,146
196,0,3,male,4,0,0,0,1,M,0,1,1,-0.05180265134485492,0.703904895404508,7
197,0,3,male,6,0,1,1,0,M,1,0,1,0.9286339023487512,1.9329125057026677,4
198,1,3,female,1,0,0,0,1,M,0,1,2,-0.9825045790393345,-0.46275881959723003,7
199,0,2,female,3,0,0,1,0,M,0,1,2,-0.4007606615739609,-0.4741635836773472,13
200,0,3,male,4,0,0,1,0,M,0,1,1,-0.10533964736891376,0.6367946114211213,9
201,0,3,male,4,8,2,3,0,M,10,0,1,-0.05180265134485492,0.703904895404508,6
202,0,3,male,5,0,0,0,0,M,0,1,1,0.33779187393865695,1.1922737089703555,6
203,0,3,male,6,0,0,0,2,M,0,1,1,1.1871272897781675,2.256941979273054,7
204,1,3,male,1,0,0,1,0,M,0,1,1,-0.8438921828815316,-0.2890038844942691,8
205,0,3,female,0,0,1,1,0,G,1,0,2,-2.0255762397017203,-1.7702814779588936,5
206,0,3,male,4,1,0,2,0,M,1,0,1,0.1900813668361334,1.0071140097872773,7
207,1,3,male,3,0,0,2,2,M,0,1,1,-0.2530501544714373,0.4516349122380432,18
208,1,3,female,1,0,0,0,1,M,0,1,2,-0.9916026899840552,-0.4741635836773472,7
209,1,1,male,5,0,0,2,2,A,0,1,1,0.7809233952462277,-0.721043182588118,31
210,0,3,male,3,0,0,0,0,M,0,1,1,-0.4007606615739609,0.2664752130549651,7
211,1,2,female,5,0,0,2,0,M,0,1,2,0.4116471274899187,0.20475531332727243,21
212,0,3,male,2,0,0,0,0,M,0,1,1,-0.5484711686764845,0.08131551387188703,7
213,0,2,male,4,0,0,1,0,M,0,1,1,0.04237085973360981,-0.10384418531119104,13
214,0,3,male,4,1,0,0,1,M,1,0,1,-0.05180265134485492,0.703904895404508,3
215,1,1,female,4,1,0,4,2,D,1,0,2,0.11622611328487159,-0.998782731362735,56
216,1,3,female,3,0,0,1,0,M,0,1,2,-0.17919490092017554,0.5442147618295822,7
217,0,2,male,6,1,0,2,0,M,1,0,1,0.9286339023487512,0.6367946114211213,13
218,1,1,female,4,0,0,3,2,D,0,1,2,0.1900813668361334,-0.9679227814988887,76
219,0,2,male,4,0,0,1,0,M,0,1,1,0.04237085973360981,-0.10384418531119104,10
220,1,3,male,1,0,0,1,0,M,0,1,1,-0.9916026899840552,-0.4741635836773472,8
221,0,2,male,3,0,0,1,0,M,0,1,1,-0.17919490092017554,-0.2890038844942691,13
222,0,3,male,6,0,0,1,0,M,0,1,1,1.5933311843101072,2.766131152026519,8
223,0,3,male,4,0,0,0,0,M,0,1,1,-0.05180265134485492,0.703904895404508,7
224,1,1,male,5,1,0,3,0,C,1,0,1,0.6332128881437041,-0.7827630823158106,45
225,0,3,male,2,0,0,1,0,M,0,1,1,-0.5484711686764845,0.08131551387188703,9
226,1,2,male,2,0,0,1,0,M,0,1,1,-0.7700369293302698,-0.7827630823158106,10
227,0,3,male,2,0,0,0,0,M,0,1,1,-0.6592540490033771,-0.05755426051542152,7
228,0,2,male,1,0,0,1,0,M,0,1,1,-0.8438921828815316,-0.8444829820435034,13
229,0,3,female,1,3,1,2,0,M,4,0,2,-0.9825045790393345,-0.46275881959723003,5
230,1,1,female,5,1,0,3,0,C,1,0,3,0.4116471274899187,-0.8753429319073497,41
231,0,3,male,4,0,0,0,0,M,0,1,1,-0.03148439381765197,0.7293744610126602,7
232,0,2,male,6,0,0,1,0,M,0,1,1,2.1841732127202014,1.6860329067918969,13
233,1,3,female,0,4,2,3,0,M,6,0,2,-1.8040104790479348,-1.4925419291842765,4
234,0,2,male,3,0,0,1,0,M,0,1,1,-0.4007606615739609,-0.4741635836773472,10
235,0,3,female,1,0,0,0,0,M,0,1,2,-0.9825045790393345,-0.46275881959723003,7
236,0,2,male,6,1,0,2,0,M,1,0,1,1.0763444094512749,0.7602344108765067,13
237,1,2,female,0,0,2,2,0,M,2,0,2,-1.5824447183941495,-1.4616819793204303,8
238,0,2,male,2,0,0,1,0,M,0,1,1,-0.7700369293302698,-0.7827630823158106,10
239,0,2,male,4,0,0,1,0,M,0,1,1,0.2639366203873952,0.08131551387188703,12
240,0,3,female,1,1,0,2,2,M,1,0,2,-0.9825045790393345,-0.46275881959723003,7
241,1,3,female,1,1,0,2,1,M,1,0,2,-0.9825045790393345,-0.46275881959723003,7
242,0,2,male,4,0,0,1,0,M,0,1,1,-0.03148439381765197,-0.16556408503888373,10
243,0,3,male,2,0,0,0,0,M,0,1,1,-0.5484711686764845,0.08131551387188703,7
244,0,3,male,4,0,0,0,2,M,0,1,1,0.04237085973360981,0.8219543106041993,7
245,0,1,male,6,2,0,3,1,C,2,0,5,1.0763444094512749,-0.5976033831327325,30
246,0,3,female,3,0,0,0,0,M,0,1,2,-0.32690540802269913,0.35905506264650416,7
247,1,2,female,3,0,2,2,0,M,2,0,3,-0.4007606615739609,-0.4741635836773472,4
248,1,1,male,5,1,1,3,0,D,2,0,1,0.5593576345924423,-0.8136230321796569,17
249,0,2,male,6,1,0,2,0,M,1,0,5,1.8148969449638928,1.3774334081534336,13
250,0,3,male,4,0,0,0,0,M,0,1,1,-0.05180265134485492,0.703904895404508,7
251,0,3,female,4,1,1,1,0,G,2,0,3,-0.03148439381765197,0.7293744610126602,3
252,0,1,male,6,0,0,2,0,C,0,1,1,2.405738973373987,-0.042124285583498344,26
253,0,3,male,4,1,0,2,0,M,1,0,1,0.04237085973360981,0.8219543106041993,8
254,0,3,female,6,0,2,2,0,M,2,0,3,0.8547786487974894,1.8403326561111286,6
255,1,3,female,4,0,2,2,2,M,2,0,3,-0.03148439381765197,0.7293744610126602,5
256,1,1,female,5,0,0,3,2,M,0,1,3,0.8104654966667323,-0.7086992026425795,79
257,1,1,female,4,0,0,3,0,B,0,1,2,0.04237085973360981,-1.0296426812265813,86
258,1,1,female,5,0,0,5,2,M,0,1,2,0.4116471274899187,-0.8753429319073497,512
259,1,2,female,6,0,1,2,0,M,1,0,3,1.5194759307588455,1.1305538092426628,13
260,0,3,male,4,0,0,0,1,M,0,1,1,-0.05180265134485492,0.703904895404508,7
261,1,3,male,0,4,2,3,0,M,6,0,4,-1.9517209861504583,-1.6777016283673547,4
262,0,1,male,6,1,1,3,0,E,2,0,1,1.667186437861369,-0.3507237842219618,26
263,0,1,male,5,0,0,0,0,B,0,1,1,0.7809233952462277,-0.721043182588118,0
264,0,3,female,1,0,0,0,1,M,0,1,2,-0.9825045790393345,-0.46275881959723003,7
265,0,2,male,5,0,0,1,0,M,0,1,1,0.48550238104118054,0.2664752130549651,10
266,0,3,male,1,4,1,3,0,M,5,0,1,-0.9916026899840552,-0.4741635836773472,6
267,1,3,male,3,1,0,0,0,M,1,0,1,-0.32690540802269913,0.35905506264650416,3
268,1,1,female,6,0,1,4,0,C,1,0,3,2.1103179591689396,-0.16556408503888373,76
269,1,1,female,5,0,0,4,0,C,0,1,2,0.4116471274899187,-0.8753429319073497,135
270,0,1,male,6,0,0,2,0,M,0,1,1,0.8976486522956356,-0.6722702733205447,31
271,1,3,male,3,0,0,0,0,M,0,1,1,-0.32690540802269913,0.35905506264650416,0
272,1,2,female,6,0,1,2,0,M,1,0,3,0.8547786487974894,0.5750747116934285,9
273,0,1,male,5,0,1,2,2,C,1,0,1,0.5593576345924423,-0.8136230321796569,14
274,1,3,female,1,0,0,0,1,M,0,1,2,-0.9825045790393345,-0.46275881959723003,7
275,1,1,female,6,1,0,3,0,D,1,0,2,2.479594226925249,-0.011264335719652002,38
276,0,3,female,6,0,0,0,0,M,0,1,2,1.1501996630025366,2.2106520544772845,7
277,0,2,male,4,0,0,0,0,M,0,1,1,0.24682381773527334,0.0670145614959581,0
278,0,3,male,0,4,1,2,1,M,5,0,4,-1.6562999719454112,-1.3073822300011986,4
279,1,3,female,5,1,1,2,0,M,2,0,3,0.4116471274899187,1.2848535585618945,6
280,0,3,male,6,0,0,0,1,M,0,1,1,2.6273047340277724,4.062249046308065,7
281,0,3,male,4,0,0,0,0,M,0,1,1,-0.10533964736891376,0.6367946114211213,7
282,0,3,male,1,0,0,1,0,M,0,1,1,-0.9916026899840552,-0.4741635836773472,9
283,1,3,male,2,0,0,1,0,M,0,1,1,-0.7700369293302698,-0.19642403490273008,8
284,0,1,male,6,0,0,2,0,A,0,1,1,0.8976486522956356,-0.6722702733205447,26
285,0,3,male,4,0,0,1,2,M,0,1,1,0.2639366203873952,1.0996938593788164,8
286,1,3,male,4,0,0,1,0,M,0,1,1,0.04237085973360981,0.8219543106041993,9
287,0,3,male,2,0,0,0,0,M,0,1,1,-0.5484711686764845,0.08131551387188703,7
288,1,2,male,6,0,0,1,0,M,0,1,1,0.9286339023487512,0.6367946114211213,13
289,1,3,female,2,0,0,0,1,M,0,1,2,-0.5484711686764845,0.08131551387188703,7
290,1,1,female,3,0,0,3,0,M,0,1,2,-0.2530501544714373,-1.1530824806819668,78
291,1,1,female,2,1,0,3,2,B,1,0,3,-0.7700369293302698,-1.3691021297288912,45
292,0,2,male,5,0,0,1,2,D,0,1,1,0.48550238104118054,0.2664752130549651,12
293,0,3,female,3,0,0,1,0,M,0,1,2,-0.4007606615739609,0.2664752130549651,8
294,0,3,male,3,0,0,0,0,M,0,1,1,-0.4007606615739609,0.2664752130549651,7
295,0,1,male,6,0,0,2,2,M,0,1,1,0.8976486522956356,-0.6722702733205447,27
296,0,3,male,3,0,0,0,2,M,0,1,1,-0.4376882883495918,0.2201852882591956,7
297,0,1,female,0,1,2,4,0,C,3,0,2,-2.0255762397017203,-1.893721277414279,37
298,1,1,male,6,0,0,2,0,C,0,1,1,0.8976486522956356,-0.6722702733205447,30
299,1,1,female,6,0,1,4,2,B,1,0,3,1.5194759307588455,-0.41244368394965447,123
300,1,3,female,1,0,0,0,1,M,0,1,2,-0.9825045790393345,-0.46275881959723003,7
301,1,3,male,4,2,0,2,1,M,2,0,1,-0.05180265134485492,0.703904895404508,7
302,0,3,male,2,0,0,0,0,M,0,1,1,-0.7700369293302698,-0.19642403490273008,0
303,1,2,female,2,0,0,1,1,E,0,1,2,-0.5070674659280497,-0.5630028332853896,12
304,0,3,male,4,0,0,1,0,M,0,1,1,-0.05180265134485492,0.703904895404508,8
305,1,1,male,0,1,2,4,0,C,3,0,4,-2.1053399135370827,-1.927050023267233,37
306,1,1,female,4,0,0,4,2,M,0,1,2,0.023514199252436595,-1.0375218173620315,110
307,1,1,female,1,1,0,4,2,C,1,0,3,-0.9177474364327934,-1.4308220294565839,54
308,0,2,male,4,1,0,2,2,M,1,0,1,0.04237085973360981,-0.10384418531119104,12
309,1,1,female,4,0,0,3,2,E,0,1,2,0.04237085973360981,-1.0296426812265813,56
310,1,1,female,3,0,0,3,2,C,0,1,2,-0.4007606615739609,-1.2148023804096595,83
311,1,1,female,1,2,2,5,2,B,4,0,2,-0.8438921828815316,-1.3999620795927374,52
312,0,2,female,3,1,1,2,0,M,2,0,3,-0.2530501544714373,-0.3507237842219618,8
313,0,3,male,4,0,0,0,0,M,0,1,1,-0.10533964736891376,0.6367946114211213,7
314,0,2,male,6,1,1,2,0,M,2,0,1,1.002489155900013,0.6985145111488139,8
315,1,3,female,3,0,0,0,0,M,0,1,2,-0.2530501544714373,0.4516349122380432,7
316,1,2,female,3,1,0,2,0,M,1,0,3,-0.4007606615739609,-0.4741635836773472,13
317,0,2,male,6,0,0,1,0,M,0,1,5,1.8148969449638928,1.3774334081534336,14
318,1,1,female,4,0,2,4,0,C,2,0,2,0.11622611328487159,-0.998782731362735,54
319,1,1,female,5,1,1,4,2,E,2,0,3,0.7809233952462277,-0.721043182588118,44
320,0,3,male,2,0,0,0,0,M,0,1,1,-0.5484711686764845,0.08131551387188703,7
321,0,3,male,3,0,0,0,0,M,0,1,1,-0.17919490092017554,0.5442147618295822,7
322,1,2,female,4,0,0,1,1,M,0,1,2,0.04237085973360981,-0.10384418531119104,12
323,1,2,female,2,1,1,2,0,M,2,0,3,-0.5484711686764845,-0.5976033831327325,9
324,0,3,male,4,8,2,3,0,M,10,0,1,-0.05180265134485492,0.703904895404508,6
325,1,1,female,5,0,0,4,2,C,0,1,2,0.48550238104118054,-0.8444829820435034,135
326,0,3,male,6,0,0,0,0,M,0,1,1,2.3318837198227254,3.691929647941909,6
327,1,2,female,5,0,0,1,0,D,0,1,3,0.48550238104118054,0.2664752130549651,13
328,1,3,female,4,1,1,2,0,M,2,0,3,0.11622611328487159,0.9145341601957383,6
329,1,1,female,1,0,1,3,2,B,1,0,2,-0.9916026899840552,-1.4616819793204303,28
330,1,3,female,1,2,0,2,1,M,2,0,2,-0.9825045790393345,-0.46275881959723003,7
331,0,1,male,6,0,0,2,0,C,0,1,1,1.1871272897781675,-0.551313458336963,28
332,0,1,male,5,0,1,4,0,C,1,0,1,0.6332128881437041,-0.7827630823158106,76
333,0,3,male,1,2,0,2,0,M,2,0,1,-0.9916026899840552,-0.4741635836773472,6
334,1,1,female,5,1,0,4,0,M,1,0,3,0.8104654966667323,-0.7086992026425795,66
335,0,3,male,4,0,0,0,0,M,0,1,1,-0.05180265134485492,0.703904895404508,7
336,0,1,male,4,1,0,3,0,C,1,0,1,-0.03148439381765197,-1.0605026310904277,33
337,1,1,female,6,0,0,4,2,E,0,1,2,0.8547786487974894,-0.6901832327242716,134
338,1,3,male,6,0,0,1,0,M,0,1,1,1.1501996630025366,2.2106520544772845,8
339,0,1,male,6,0,0,3,0,A,0,1,1,1.1501996630025366,-0.5667434332688862,35
340,1,2,male,0,1,1,2,0,F,2,0,4,-2.0255762397017203,-1.8320013776865864,8
341,1,1,female,3,3,2,5,0,C,5,0,2,-0.4007606615739609,-1.2148023804096595,43
342,0,2,male,4,0,0,1,0,M,0,1,1,-0.10533964736891376,-0.2272839847665764,13
343,0,2,male,3,0,0,1,0,M,0,1,1,-0.32690540802269913,-0.41244368394965447,13
344,0,2,male,5,0,0,1,0,M,0,1,1,0.48550238104118054,0.2664752130549651,13
345,1,2,female,3,0,0,1,0,F,0,1,2,-0.4007606615739609,-0.4741635836773472,13
346,1,2,female,5,0,0,1,0,M,0,1,2,0.7809233952462277,0.5133548119657358,13
347,1,3,female,4,1,0,2,0,M,1,0,3,0.301983266156227,1.1473865091683972,8
348,1,3,male,0,1,1,2,0,M,2,0,4,-1.9517209861504583,-1.6777016283673547,5
349,0,3,male,6,0,0,1,0,M,0,1,1,0.9286339023487512,1.9329125057026677,8
350,0,3,male,3,0,0,1,0,M,0,1,1,-0.47461591512522266,0.17389536346342607,9
351,0,1,male,6,0,0,3,0,C,0,1,1,0.8976486522956356,-0.6722702733205447,35
352,0,3,male,1,1,1,0,2,M,2,0,1,-1.0654579435353169,-0.5667434332688862,2
353,0,3,male,3,1,0,2,0,M,1,0,1,-0.32690540802269913,0.35905506264650416,8
354,0,3,male,4,0,0,0,2,M,0,1,1,-0.05180265134485492,0.703904895404508,7
355,0,3,male,4,0,0,1,0,M,0,1,1,-0.10533964736891376,0.6367946114211213,9
356,1,1,female,2,0,1,3,0,E,1,0,2,-0.5484711686764845,-1.2765222801373521,27
357,0,2,female,5,0,0,1,0,M,0,1,2,0.6332128881437041,0.3899150125103505,13
358,1,3,female,1,0,0,0,1,M,0,1,2,-0.9825045790393345,-0.46275881959723003,7
359,1,3,female,1,0,0,0,1,M,0,1,2,-0.9825045790393345,-0.46275881959723003,7
360,0,3,male,5,1,4,2,0,M,5,0,1,0.7809233952462277,1.7477528065195898,4
361,0,2,male,4,1,0,2,2,M,1,0,1,-0.03148439381765197,-0.16556408503888373,13
362,0,3,female,6,0,1,2,2,M,1,0,3,1.1501996630025366,2.2106520544772845,7
363,0,3,male,5,0,0,0,0,M,0,1,1,0.4116471274899187,1.2848535585618945,7
364,0,3,male,4,1,0,2,1,M,1,0,1,-0.05180265134485492,0.703904895404508,7
365,0,3,male,4,0,0,0,0,M,0,1,1,0.04237085973360981,0.8219543106041993,7
366,1,1,female,6,1,0,3,2,D,1,0,3,2.258028466271463,-0.10384418531119104,37
367,1,3,female,4,0,0,0,2,M,0,1,3,0.301983266156227,1.1473865091683972,7
368,1,3,female,1,0,0,0,1,M,0,1,2,-0.9825045790393345,-0.46275881959723003,7
369,1,1,female,3,0,0,3,2,B,0,1,3,-0.4007606615739609,-1.2148023804096595,69
370,1,1,male,3,1,0,3,2,E,1,0,1,-0.32690540802269913,-1.183942430545813,27
371,0,3,male,1,1,0,0,0,M,1,0,1,-0.8438921828815316,-0.2890038844942691,3
372,0,3,male,2,0,0,1,0,M,0,1,1,-0.7700369293302698,-0.19642403490273008,8
373,0,1,male,2,0,0,4,2,M,0,1,1,-0.5484711686764845,-1.2765222801373521,135
374,0,3,female,0,3,1,2,0,M,4,0,2,-1.9517209861504583,-1.6777016283673547,4
375,1,1,female,5,1,0,3,2,M,1,0,3,0.8104654966667323,-0.7086992026425795,41
376,1,3,female,2,0,0,0,0,M,0,1,2,-0.5484711686764845,0.08131551387188703,7
377,0,1,male,3,0,2,4,2,C,2,0,1,-0.17919490092017554,-1.1222225308181204,70
378,0,3,male,2,0,0,0,2,M,0,1,1,-0.696181675779008,-0.10384418531119104,4
379,0,3,male,2,0,0,0,0,M,0,1,1,-0.7700369293302698,-0.19642403490273008,7
380,1,1,female,6,0,0,4,2,M,0,1,2,0.9286339023487512,-0.6593232828604253,227
381,1,3,female,0,0,2,2,2,M,2,0,2,-2.099431493252982,-1.8628613275504327,5
382,0,3,male,4,0,0,1,0,M,0,1,1,0.1900813668361334,1.0071140097872773,7
383,1,1,female,5,1,0,3,0,M,1,0,3,0.4116471274899187,-0.8753429319073497,26
384,0,3,male,4,0,0,0,0,M,0,1,1,-0.05180265134485492,0.703904895404508,7
385,0,2,male,1,0,0,3,0,M,0,1,1,-0.8438921828815316,-0.8444829820435034,73
386,0,3,male,0,5,2,3,0,M,7,0,4,-2.099431493252982,-1.8628613275504327,5
387,1,2,female,5,0,0,1,0,M,0,1,2,0.48550238104118054,0.2664752130549651,13
388,0,3,male,4,0,0,0,1,M,0,1,1,-0.05180265134485492,0.703904895404508,7
389,1,2,female,1,0,0,1,2,M,0,1,2,-0.9177474364327934,-0.906202881771196,12
390,1,1,male,5,1,2,4,0,B,3,0,1,0.48550238104118054,-0.8444829820435034,30
391,1,3,male,2,0,0,0,0,M,0,1,1,-0.6223264222277463,-0.011264335719652002,7
392,0,3,male,4,2,0,1,0,M,2,0,1,-0.10533964736891376,0.6367946114211213,2
393,1,1,female,3,1,0,4,2,D,1,0,2,-0.47461591512522266,-1.2456623302735057,56
394,1,3,female,3,0,2,2,0,G,2,0,3,-0.4007606615739609,0.2664752130549651,5
395,0,3,male,2,0,0,0,0,M,0,1,1,-0.5484711686764845,0.08131551387188703,7
396,0,3,female,4,0,0,0,0,M,0,1,2,0.11622611328487159,0.9145341601957383,7
397,0,2,male,6,0,0,2,0,M,0,1,1,1.2240549165537984,0.883674210331892,26
398,0,2,male,3,0,0,1,0,M,0,1,5,-0.47461591512522266,-0.5358834834050399,10
399,1,2,female,4,0,0,1,0,M,0,1,3,-0.10533964736891376,-0.2272839847665764,12
400,1,3,male,5,0,0,1,0,M,0,1,1,0.7070681416949659,1.6551729569280507,7
401,0,3,male,3,0,0,1,0,M,0,1,1,-0.2530501544714373,0.4516349122380432,8
402,0,3,female,2,1,0,1,0,M,1,0,2,-0.6223264222277463,-0.011264335719652002,4
403,0,3,male,4,1,0,2,0,M,1,0,1,-0.10533964736891376,0.6367946114211213,7
404,0,3,female,2,0,0,1,0,M,0,1,2,-0.696181675779008,-0.10384418531119104,8
405,0,2,male,5,1,0,2,0,M,1,0,1,0.33779187393865695,0.14303541359957972,10
406,0,3,male,6,0,0,0,0,M,0,1,1,1.5933311843101072,2.766131152026519,7
407,1,2,male,0,1,1,2,0,M,2,0,4,-1.9517209861504583,-1.7702814779588936,6
408,0,3,male,2,0,0,0,0,M,0,1,1,-0.6223264222277463,-0.011264335719652002,7
409,0,3,female,1,3,1,2,0,M,4,0,2,-0.9825045790393345,-0.46275881959723003,5
410,0,3,male,4,0,0,0,0,M,0,1,1,-0.05180265134485492,0.703904895404508,7
411,0,3,male,4,0,0,0,1,M,0,1,1,-0.05180265134485492,0.703904895404508,6
412,1,1,female,4,1,0,3,1,C,1,0,2,0.2639366203873952,-0.9370628316350423,45
413,0,2,male,4,0,0,0,0,M,0,1,1,0.24682381773527334,0.0670145614959581,0
414,1,3,male,6,0,0,1,0,M,0,1,1,1.0763444094512749,2.1180722048857454,7
415,0,3,female,4,0,0,1,0,M,0,1,3,0.301983266156227,1.1473865091683972,8
416,1,2,female,5,1,1,3,0,M,2,0,3,0.33779187393865695,0.14303541359957972,10
417,1,2,female,1,0,2,1,0,M,2,0,2,-0.8438921828815316,-0.8444829820435034,4
418,0,2,male,4,0,0,1,0,M,0,1,1,0.04237085973360981,-0.10384418531119104,13
419,0,3,female,0,0,2,2,0,M,2,0,2,-1.434734211291626,-1.0296426812265813,8
420,0,3,male,4,0,0,0,2,M,0,1,1,-0.05180265134485492,0.703904895404508,7
421,0,3,male,2,0,0,0,1,M,0,1,1,-0.6223264222277463,-0.011264335719652002,7
422,0,3,male,4,0,0,0,0,M,0,1,1,-0.03148439381765197,0.7293744610126602,7
423,0,3,female,4,1,1,1,0,M,2,0,3,-0.10533964736891376,0.6367946114211213,4
424,0,3,male,1,1,1,2,0,M,2,0,1,-0.8438921828815316,-0.2890038844942691,6
425,0,3,male,4,0,0,0,0,M,0,1,1,-0.05180265134485492,0.703904895404508,7
426,1,2,female,4,1,0,2,0,M,1,0,3,-0.10533964736891376,-0.2272839847665764,13
427,1,2,female,2,0,0,2,0,M,0,1,2,-0.7700369293302698,-0.7827630823158106,26
428,0,3,male,4,0,0,0,1,M,0,1,1,-0.05180265134485492,0.703904895404508,7
429,1,3,male,4,0,0,1,0,E,0,1,1,0.1900813668361334,1.0071140097872773,8
430,1,1,male,4,0,0,2,0,C,0,1,1,-0.10533964736891376,-1.0913625809542742,26
431,1,3,female,4,1,0,2,0,M,1,0,3,0.301983266156227,1.1473865091683972,8
432,1,2,female,6,1,0,2,0,M,1,0,3,0.9286339023487512,0.6367946114211213,13
433,0,3,male,1,0,0,0,0,M,0,1,1,-0.9177474364327934,-0.38158373408580815,7
434,0,1,male,6,1,0,3,0,E,1,0,1,1.5194759307588455,-0.41244368394965447,27
435,1,1,female,1,1,2,4,0,B,3,0,2,-1.1393131970865789,-1.523401879048123,30
436,0,3,female,2,2,2,3,0,M,4,0,2,-0.6223264222277463,-0.011264335719652002,6
437,1,2,female,3,2,3,2,0,M,5,0,3,-0.4007606615739609,-0.4741635836773472,3
438,0,1,male,6,1,4,5,0,C,5,0,1,2.5534494804765107,0.019595614144194345,43
439,0,2,male,4,0,0,1,0,M,0,1,1,0.11622611328487159,-0.042124285583498344,10
440,1,2,female,6,1,1,2,0,M,2,0,3,1.1501996630025366,0.8219543106041993,8
441,0,3,male,2,0,0,1,0,M,0,1,1,-0.696181675779008,-0.10384418531119104,9
442,0,3,male,3,1,0,0,0,M,1,0,1,-0.32690540802269913,0.35905506264650416,3
443,1,2,female,4,0,0,1,0,M,0,1,2,-0.10533964736891376,-0.2272839847665764,13
444,1,3,male,4,0,0,1,0,M,0,1,1,-0.05180265134485492,0.703904895404508,8
445,1,1,male,0,0,2,3,0,A,2,0,4,-1.8778657325991965,-1.8320013776865864,27
446,1,2,female,1,0,1,2,0,M,1,0,2,-1.2131684506378406,-1.1530824806819668,9
447,1,1,male,5,0,0,2,0,M,0,1,1,0.33779187393865695,-0.906202881771196,26
448,1,3,female,0,2,1,2,2,M,3,0,2,-1.8040104790479348,-1.4925419291842765,4
449,1,1,male,6,0,0,2,0,C,0,1,5,1.667186437861369,-0.3507237842219618,30
450,0,2,male,5,1,2,2,0,M,3,0,1,0.48550238104118054,0.2664752130549651,6
451,0,3,male,4,1,0,2,0,M,1,0,1,-0.05180265134485492,0.703904895404508,9
452,0,1,male,4,0,0,2,2,C,0,1,1,0.04237085973360981,-1.0296426812265813,27
453,1,1,male,6,1,0,3,2,C,1,0,1,1.4456206772075837,-0.44330363381350085,44
454,0,3,male,4,0,0,1,0,M,0,1,1,-0.05180265134485492,0.703904895404508,8
455,1,3,male,4,0,0,0,2,M,0,1,1,-0.03148439381765197,0.7293744610126602,7
456,0,1,male,6,0,0,2,0,E,0,1,1,2.6273047340277724,0.05045556400804069,26
457,1,1,female,5,1,0,3,0,D,1,0,3,0.8104654966667323,-0.7086992026425795,25
458,1,2,female,6,0,0,1,0,M,0,1,2,1.5194759307588455,1.1305538092426628,10
459,0,3,male,4,0,0,0,1,M,0,1,1,-0.05180265134485492,0.703904895404508,7
460,1,1,male,6,0,0,2,0,E,0,1,1,1.371765423656322,-0.4741635836773472,26
461,0,3,male,5,0,0,1,0,M,0,1,1,0.33779187393865695,1.1922737089703555,8
462,0,1,male,6,0,0,3,0,E,0,1,1,1.2979101701050602,-0.5050235335411936,38
463,0,2,male,6,0,0,1,0,M,0,1,1,1.371765423656322,1.0071140097872773,13
464,0,3,male,4,0,0,1,0,M,0,1,1,-0.05180265134485492,0.703904895404508,8
465,0,3,male,5,0,0,0,0,M,0,1,1,0.6332128881437041,1.5625931073365116,7
466,0,2,male,4,0,0,0,0,M,0,1,1,0.24682381773527334,0.0670145614959581,0
467,0,1,male,6,0,0,2,0,M,0,1,1,1.9626074520664163,-0.2272839847665764,26
468,0,3,male,4,0,0,0,1,M,0,1,1,-0.05180265134485492,0.703904895404508,7
469,1,3,female,0,2,1,2,2,M,3,0,2,-2.1178953066407975,-1.8860062899483174,4
470,0,3,male,4,0,0,0,0,M,0,1,1,-0.05180265134485492,0.703904895404508,7
471,0,3,male,5,0,0,1,0,M,0,1,1,0.6332128881437041,1.5625931073365116,8
472,1,2,female,4,1,2,2,0,M,3,0,3,0.2639366203873952,0.08131551387188703,6
473,1,2,female,3,0,0,1,2,D,0,1,3,-0.47461591512522266,-0.5358834834050399,13
474,0,3,female,2,0,0,1,0,M,0,1,2,-0.5484711686764845,0.08131551387188703,9
475,0,1,male,6,0,0,3,0,A,0,1,1,0.8976486522956356,-0.6722702733205447,52
476,0,2,male,5,1,0,2,0,M,1,0,1,0.33779187393865695,0.14303541359957972,10
477,0,3,male,4,1,0,0,0,M,1,0,1,-0.03148439381765197,0.7293744610126602,3
478,0,3,male,2,0,0,0,0,M,0,1,1,-0.5484711686764845,0.08131551387188703,7
479,1,3,female,0,0,1,1,0,M,1,0,2,-2.0255762397017203,-1.7702814779588936,6
480,0,3,male,0,5,2,3,0,M,7,0,4,-1.5085894648428877,-1.1222225308181204,5
481,0,2,male,4,0,0,0,0,M,0,1,1,0.24682381773527334,0.0670145614959581,0
482,0,3,male,6,0,0,1,0,M,0,1,1,1.5194759307588455,2.67355130243498,8
483,1,3,female,6,0,0,1,0,M,0,1,3,2.479594226925249,3.877089347124987,9
484,1,1,male,3,1,0,3,2,B,1,0,1,-0.32690540802269913,-1.183942430545813,45
485,0,3,female,1,3,1,2,0,M,4,0,2,-0.9825045790393345,-0.46275881959723003,5
486,1,1,female,5,1,0,3,0,C,1,0,3,0.4116471274899187,-0.8753429319073497,45
487,0,1,male,6,0,0,2,2,B,0,1,1,2.1103179591689396,-0.16556408503888373,29
488,0,3,male,4,0,0,1,0,M,0,1,1,0.04237085973360981,0.8219543106041993,8
489,1,3,male,0,1,1,2,0,M,2,0,4,-1.5085894648428877,-1.1222225308181204,5
490,0,3,male,4,1,0,2,0,M,1,0,1,-0.05180265134485492,0.703904895404508,9
491,0,3,male,2,0,0,0,0,M,0,1,1,-0.6223264222277463,-0.011264335719652002,7
492,0,1,male,6,0,0,2,0,C,0,1,1,1.8887521985151545,-0.2581439346304228,30
493,0,1,male,6,0,0,3,2,M,0,1,1,3.070436255335343,0.23561526319111875,49
494,0,3,male,2,0,0,1,0,M,0,1,1,-0.6223264222277463,-0.011264335719652002,8
495,0,3,male,4,0,0,2,2,M,0,1,1,-0.05180265134485492,0.703904895404508,14
496,1,1,female,6,1,0,3,2,D,1,0,2,1.8148969449638928,-0.2890038844942691,39
497,0,3,male,4,0,0,2,0,M,0,1,1,-0.05180265134485492,0.703904895404508,15
498,0,1,female,3,1,2,4,0,C,3,0,3,-0.32690540802269913,-1.183942430545813,37
499,0,3,male,3,0,0,0,0,M,0,1,1,-0.4007606615739609,0.2664752130549651,7
500,0,3,male,1,0,0,1,0,M,0,1,1,-0.9177474364327934,-0.38158373408580815,8
501,0,3,female,2,0,0,0,1,M,0,1,2,-0.6223264222277463,-0.011264335719652002,7
502,0,3,female,1,0,0,0,1,M,0,1,2,-0.9825045790393345,-0.46275881959723003,7
503,0,3,female,5,0,0,1,0,M,0,1,2,0.5593576345924423,1.4700132577449725,9
504,1,1,female,1,0,0,3,0,B,0,1,2,-0.9916026899840552,-1.4616819793204303,86
505,0,1,male,1,1,0,4,2,C,1,0,1,-0.8438921828815316,-1.3999620795927374,54
506,1,2,female,4,0,2,2,0,M,2,0,3,0.2639366203873952,0.08131551387188703,8
507,1,1,male,6,0,0,2,0,M,0,1,1,0.8976486522956356,-0.6722702733205447,26
508,0,3,male,4,0,0,2,0,M,0,1,1,-0.10533964736891376,0.6367946114211213,22
509,1,3,male,3,0,0,3,0,M,0,1,1,-0.2530501544714373,0.4516349122380432,56
510,1,3,male,4,0,0,0,1,M,0,1,1,-0.03148439381765197,0.7293744610126602,7
511,0,3,male,4,0,0,1,0,M,0,1,1,-0.05180265134485492,0.703904895404508,8
512,1,1,male,5,0,0,2,0,E,0,1,1,0.48550238104118054,-0.8444829820435034,26
513,1,1,female,6,1,0,3,2,M,1,0,3,1.8148969449638928,-0.2890038844942691,29
514,0,3,male,3,0,0,0,0,M,0,1,1,-0.4007606615739609,0.2664752130549651,7
515,0,1,male,6,0,0,3,0,D,0,1,1,1.2979101701050602,-0.5050235335411936,34
516,1,2,female,5,0,0,1,0,F,0,1,3,0.33779187393865695,0.14303541359957972,10
517,0,3,male,4,0,0,2,1,M,0,1,1,-0.05180265134485492,0.703904895404508,24
518,1,2,female,5,1,0,2,0,M,1,0,3,0.48550238104118054,0.2664752130549651,13
519,0,3,male,4,0,0,0,0,M,0,1,1,0.1900813668361334,1.0071140097872773,7
520,1,1,female,4,0,0,3,0,B,0,1,2,0.04237085973360981,-1.0296426812265813,93
521,0,3,male,2,0,0,0,0,M,0,1,1,-0.5484711686764845,0.08131551387188703,7
522,0,3,male,4,0,0,0,2,M,0,1,1,-0.05180265134485492,0.703904895404508,7
523,1,1,female,6,0,1,3,2,B,1,0,3,1.0763444094512749,-0.5976033831327325,28
524,0,3,male,4,0,0,0,2,M,0,1,1,-0.05180265134485492,0.703904895404508,7
525,0,3,male,5,0,0,0,1,M,0,1,1,0.8178510220218586,1.794042731315359,7
526,1,2,female,6,0,0,1,0,M,0,1,2,1.5194759307588455,1.1305538092426628,10
527,0,1,male,6,0,0,4,0,C,0,1,1,0.8976486522956356,-0.6722702733205447,221
528,0,3,male,5,0,0,1,0,M,0,1,1,0.7070681416949659,1.6551729569280507,7
529,0,2,male,3,2,1,1,0,M,3,0,1,-0.47461591512522266,-0.5358834834050399,2
530,1,2,female,0,1,1,2,0,M,2,0,2,-2.0255762397017203,-1.8320013776865864,8
531,0,3,male,4,0,0,0,2,M,0,1,1,-0.05180265134485492,0.703904895404508,7
532,0,3,male,1,1,1,0,2,M,2,0,1,-0.9177474364327934,-0.38158373408580815,2
533,1,3,female,4,0,2,2,2,M,2,0,3,0.301983266156227,1.1473865091683972,7
534,0,3,female,4,0,0,1,0,M,0,1,2,0.04237085973360981,0.8219543106041993,8
535,1,2,female,0,0,2,2,0,M,2,0,2,-1.6562999719454112,-1.523401879048123,8
536,0,1,male,6,0,0,2,0,B,0,1,5,1.1501996630025366,-0.5667434332688862,26
537,1,1,female,4,0,0,4,2,M,0,1,2,0.04237085973360981,-1.0296426812265813,106
538,0,3,male,4,0,0,2,0,M,0,1,1,-0.05180265134485492,0.703904895404508,14
539,1,1,female,2,0,2,3,2,B,2,0,2,-0.5484711686764845,-1.2765222801373521,16
540,1,1,female,5,0,2,3,0,B,2,0,2,0.48550238104118054,-0.8444829820435034,23
541,0,3,female,0,4,2,3,0,M,6,0,2,-1.5085894648428877,-1.1222225308181204,4
542,0,3,female,0,4,2,3,0,M,6,0,2,-1.3608789577403642,-0.9370628316350423,4
543,1,2,male,4,1,0,2,0,M,1,0,1,0.1900813668361334,0.019595614144194345,13
544,0,1,male,6,1,0,4,2,C,1,0,1,1.5194759307588455,-0.41244368394965447,53
545,0,1,male,6,0,0,2,0,M,0,1,1,2.5534494804765107,0.019595614144194345,26
546,1,2,female,2,1,0,2,0,M,1,0,3,-0.7700369293302698,-0.7827630823158106,13
547,1,2,male,4,0,0,1,2,M,0,1,1,0.24682381773527334,0.0670145614959581,13
548,0,3,male,4,1,1,2,0,M,2,0,1,0.2639366203873952,1.0996938593788164,6
549,1,2,male,0,1,1,3,0,M,2,0,4,-1.5824447183941495,-1.4616819793204303,12
550,1,1,male,1,0,2,4,2,C,2,0,1,-0.9177474364327934,-1.4308220294565839,36
551,0,2,male,3,0,0,2,0,M,0,1,1,-0.17919490092017554,-0.2890038844942691,26
552,0,3,male,4,0,0,0,1,M,0,1,1,-0.05180265134485492,0.703904895404508,7
553,1,3,male,2,0,0,0,2,M,0,1,1,-0.5484711686764845,0.08131551387188703,7
554,1,3,female,2,0,0,0,0,M,0,1,2,-0.5484711686764845,0.08131551387188703,7
555,0,1,male,6,0,0,2,0,M,0,1,1,2.405738973373987,-0.042124285583498344,26
556,1,1,female,6,1,0,3,2,A,1,0,5,1.371765423656322,-0.4741635836773472,19
557,0,1,male,6,0,0,4,2,M,0,1,1,0.8976486522956356,-0.6722702733205447,227
558,1,1,female,5,1,1,3,0,E,2,0,3,0.7070681416949659,-0.7519031324519643,26
559,1,3,female,5,1,0,2,0,M,1,0,3,0.48550238104118054,1.3774334081534336,8
560,0,3,male,4,0,0,0,1,M,0,1,1,-0.05180265134485492,0.703904895404508,7
561,0,3,male,5,0,0,0,0,M,0,1,1,0.7809233952462277,1.7477528065195898,7
562,0,2,male,4,0,0,1,0,M,0,1,1,-0.10533964736891376,-0.2272839847665764,13
563,0,3,male,4,0,0,1,0,M,0,1,1,-0.05180265134485492,0.703904895404508,8
564,0,3,female,1,0,0,1,0,M,0,1,2,-0.9825045790393345,-0.46275881959723003,8
565,0,3,male,3,2,0,2,0,M,2,0,1,-0.4007606615739609,0.2664752130549651,8
566,0,3,male,2,0,0,0,0,M,0,1,1,-0.7700369293302698,-0.19642403490273008,7
567,0,3,female,4,0,4,2,0,M,4,0,3,-0.03148439381765197,0.7293744610126602,4
568,0,3,male,4,0,0,0,2,M,0,1,1,-0.05180265134485492,0.703904895404508,7
569,1,3,male,4,0,0,0,0,M,0,1,1,0.1900813668361334,1.0071140097872773,7
570,1,2,male,6,0,0,1,0,M,0,1,1,2.405738973373987,1.871192605974975,10
571,1,1,female,6,2,0,3,0,C,2,0,3,1.7410416914126308,-0.31986383435811544,17
572,1,1,male,5,0,0,2,0,E,0,1,1,0.48550238104118054,-0.8444829820435034,26
573,1,3,female,1,0,0,0,1,M,0,1,2,-0.9825045790393345,-0.46275881959723003,7
574,0,3,male,1,0,0,1,0,M,0,1,1,-0.9916026899840552,-0.4741635836773472,8
575,0,3,male,2,0,0,2,0,M,0,1,1,-0.7700369293302698,-0.19642403490273008,14
576,1,2,female,5,0,0,1,0,M,0,1,2,0.33779187393865695,0.14303541359957972,13
577,1,1,female,5,1,0,3,0,E,1,0,3,0.7070681416949659,-0.7519031324519643,27
578,0,3,female,4,1,0,2,2,M,1,0,3,0.301983266156227,1.1473865091683972,7
579,1,3,male,4,0,0,1,0,M,0,1,1,0.1900813668361334,1.0071140097872773,7
580,1,2,female,3,1,1,2,0,M,2,0,2,-0.32690540802269913,-0.41244368394965447,10
581,1,1,female,5,1,1,4,2,C,2,0,3,0.7070681416949659,-0.7519031324519643,36
582,0,2,male,6,0,0,2,0,M,0,1,1,1.8148969449638928,1.3774334081534336,26
583,0,1,male,5,0,0,3,2,A,0,1,1,0.48550238104118054,-0.8444829820435034,40
584,0,3,male,4,0,0,1,2,M,0,1,1,-0.05180265134485492,0.703904895404508,8
585,1,1,female,1,0,2,3,0,E,2,0,2,-0.8438921828815316,-1.3999620795927374,26
586,0,2,male,6,0,0,2,0,M,0,1,1,1.2979101701050602,0.9453941100595847,15
587,1,1,male,6,1,1,3,2,B,2,0,1,2.258028466271463,-0.10384418531119104,26
588,0,3,male,2,0,0,1,0,M,0,1,1,-0.5484711686764845,0.08131551387188703,8
589,0,3,male,4,0,0,1,0,M,0,1,1,-0.05180265134485492,0.703904895404508,8
590,0,3,male,5,0,0,0,0,M,0,1,1,0.4116471274899187,1.2848535585618945,7
591,1,1,female,6,1,0,3,2,D,1,0,3,1.667186437861369,-0.3507237842219618,39
592,0,3,male,6,0,0,0,0,M,0,1,1,1.2979101701050602,2.3958117536603627,7
593,0,3,female,1,0,2,0,1,M,2,0,2,-0.9825045790393345,-0.46275881959723003,2
594,0,2,male,5,1,0,2,0,M,1,0,1,0.5593576345924423,0.3281951127826578,13
595,0,3,male,5,1,1,2,0,M,2,0,1,0.48550238104118054,1.3774334081534336,8
596,1,2,female,2,0,0,3,0,M,0,1,2,-0.5070674659280497,-0.5630028332853896,33
597,0,3,male,6,0,0,0,0,M,0,1,1,1.4456206772075837,2.580971452843441,0
598,0,3,male,4,0,0,0,2,M,0,1,1,-0.05180265134485492,0.703904895404508,7
599,1,1,male,6,1,0,3,2,A,1,0,5,1.4456206772075837,-0.44330363381350085,28
600,1,2,female,3,2,1,2,0,M,3,0,3,-0.4007606615739609,-0.4741635836773472,6
601,0,3,male,4,0,0,0,0,M,0,1,1,-0.05180265134485492,0.703904895404508,7
602,0,1,male,6,0,0,3,0,M,0,1,1,0.8976486522956356,-0.6722702733205447,42
603,0,3,male,6,0,0,1,0,M,0,1,1,1.0763444094512749,2.1180722048857454,8
604,1,1,male,5,0,0,2,2,M,0,1,1,0.4116471274899187,-0.8753429319073497,26
605,0,3,male,5,1,0,2,0,M,1,0,1,0.48550238104118054,1.3774334081534336,7
606,0,3,male,4,0,0,0,0,M,0,1,1,0.04237085973360981,0.8219543106041993,7
607,1,1,male,3,0,0,2,0,M,0,1,1,-0.17919490092017554,-1.1222225308181204,30
608,1,2,female,2,1,2,3,2,M,3,0,3,-0.5484711686764845,-0.5976033831327325,10
609,1,1,female,5,0,0,4,0,C,0,1,2,0.7809233952462277,-0.721043182588118,153
610,0,3,female,5,1,5,3,0,M,6,0,3,0.7070681416949659,1.6551729569280507,4
611,0,3,male,4,0,0,0,0,M,0,1,1,-0.05180265134485492,0.703904895404508,7
612,1,3,female,1,1,0,2,1,M,1,0,2,-0.9825045790393345,-0.46275881959723003,7
613,0,3,male,4,0,0,0,1,M,0,1,1,-0.05180265134485492,0.703904895404508,7
614,0,3,male,5,0,0,1,0,M,0,1,1,0.4116471274899187,1.2848535585618945,8
615,1,2,female,3,1,2,3,0,M,3,0,2,-0.4007606615739609,-0.4741635836773472,16
616,0,3,male,5,1,1,1,0,M,2,0,1,0.33779187393865695,1.1922737089703555,4
617,0,3,female,3,1,0,2,0,M,1,0,3,-0.2530501544714373,0.4516349122380432,8
618,1,2,female,0,2,1,3,0,F,3,0,2,-1.8778657325991965,-1.708561578231201,9
619,0,2,male,3,0,0,1,0,M,0,1,1,-0.2530501544714373,-0.3507237842219618,10
620,0,3,male,3,1,0,2,2,M,1,0,1,-0.17919490092017554,0.5442147618295822,7
621,1,1,male,6,1,0,3,0,D,1,0,1,0.9286339023487512,-0.6593232828604253,26
622,1,3,male,2,1,1,2,2,M,2,0,1,-0.696181675779008,-0.10384418531119104,5
623,0,3,male,2,0,0,0,0,M,0,1,1,-0.6223264222277463,-0.011264335719652002,7
624,0,3,male,2,0,0,2,0,M,0,1,1,-0.6223264222277463,-0.011264335719652002,16
625,0,1,male,6,0,0,3,0,D,0,1,1,2.3318837198227254,-0.0729842354473447,32
626,0,2,male,6,0,0,1,1,M,0,1,5,2.036462705617678,1.5625931073365116,12
627,1,1,female,2,0,0,3,0,D,0,1,2,-0.6223264222277463,-1.3073822300011986,77
628,0,3,male,3,0,0,0,0,M,0,1,1,-0.2530501544714373,0.4516349122380432,7
629,0,3,male,4,0,0,0,1,M,0,1,1,-0.05180265134485492,0.703904895404508,7
630,1,1,male,6,0,0,2,0,A,0,1,1,3.735133537296699,0.5133548119657358,30
631,0,3,male,6,0,0,0,0,M,0,1,1,1.5933311843101072,2.766131152026519,7
632,1,1,male,4,0,0,2,2,B,0,1,5,0.1900813668361334,-0.9679227814988887,30
633,0,1,male,6,0,0,0,0,M,0,1,1,0.8976486522956356,-0.6722702733205447,0
634,0,3,female,0,3,2,2,0,M,5,0,2,-1.5085894648428877,-1.1222225308181204,4
635,1,2,female,4,0,0,1,0,M,0,1,2,-0.10533964736891376,-0.2272839847665764,13
636,0,3,male,4,0,0,1,0,M,0,1,1,0.1900813668361334,1.0071140097872773,7
637,0,2,male,4,1,1,2,0,M,2,0,1,0.11622611328487159,-0.042124285583498344,8
638,0,3,female,6,0,5,3,0,M,5,0,3,0.8547786487974894,1.8403326561111286,6
639,0,3,male,4,1,0,2,0,M,1,0,1,-0.05180265134485492,0.703904895404508,8
640,0,3,male,2,0,0,0,0,M,0,1,1,-0.696181675779008,-0.10384418531119104,7
641,1,1,female,3,0,0,3,2,B,0,1,2,-0.4007606615739609,-1.2148023804096595,69
642,0,3,female,0,3,2,2,0,M,5,0,2,-2.0255762397017203,-1.7702814779588936,4
643,1,3,male,4,0,0,3,0,M,0,1,1,-0.05180265134485492,0.703904895404508,56
644,1,3,female,0,2,1,2,2,M,3,0,2,-2.1178953066407975,-1.8860062899483174,4
645,1,1,male,6,1,0,3,2,D,1,0,1,1.371765423656322,-0.4741635836773472,38
646,0,3,male,2,0,0,0,0,M,0,1,1,-0.7700369293302698,-0.19642403490273008,7
647,1,1,male,6,0,0,3,2,A,0,1,5,1.9626074520664163,-0.2272839847665764,35
648,0,3,male,4,0,0,0,0,M,0,1,1,-0.05180265134485492,0.703904895404508,7
649,1,3,female,3,0,0,0,0,M,0,1,2,-0.47461591512522266,0.17389536346342607,7
650,0,3,male,4,0,0,0,0,M,0,1,1,-0.05180265134485492,0.703904895404508,7
651,1,2,female,1,0,1,2,0,M,1,0,2,-0.8438921828815316,-0.8444829820435034,11
652,0,3,male,2,0,0,1,0,M,0,1,1,-0.6223264222277463,-0.011264335719652002,8
653,1,3,female,1,0,0,0,1,M,0,1,2,-0.9825045790393345,-0.46275881959723003,7
654,0,3,female,1,0,0,0,1,M,0,1,2,-0.8438921828815316,-0.2890038844942691,6
655,0,2,male,3,2,0,3,0,M,2,0,1,-0.4007606615739609,-0.4741635836773472,24
656,0,3,male,4,0,0,0,0,M,0,1,1,-0.05180265134485492,0.703904895404508,7
657,0,3,female,4,1,1,2,1,M,2,0,3,0.1900813668361334,1.0071140097872773,5
658,0,2,male,3,0,0,1,0,M,0,1,1,-0.47461591512522266,-0.5358834834050399,13
659,0,1,male,6,0,2,4,2,D,2,0,1,2.1103179591689396,-0.16556408503888373,37
660,1,1,male,6,2,0,4,0,M,2,0,5,1.5194759307588455,-0.41244368394965447,44
661,0,3,male,5,0,0,0,2,M,0,1,1,0.7809233952462277,1.7477528065195898,7
662,0,1,male,6,0,0,2,0,E,0,1,1,1.2979101701050602,-0.5050235335411936,25
663,0,3,male,5,0,0,0,0,M,0,1,1,0.48550238104118054,1.3774334081534336,7
664,1,3,male,2,1,0,1,0,M,1,0,1,-0.696181675779008,-0.10384418531119104,3
665,0,2,male,4,2,0,3,0,M,2,0,1,0.1900813668361334,0.019595614144194345,24
666,0,2,male,3,0,0,1,0,M,0,1,1,-0.32690540802269913,-0.41244368394965447,13
667,0,3,male,4,0,0,0,0,M,0,1,1,-0.05180265134485492,0.703904895404508,7
668,0,3,male,6,0,0,1,0,M,0,1,1,1.002489155900013,2.0254923552942063,8
669,1,1,female,5,1,0,3,0,C,1,0,3,0.8104654966667323,-0.7086992026425795,26
670,1,2,female,5,1,1,3,0,M,2,0,3,0.7809233952462277,0.5133548119657358,13
671,0,1,male,4,1,0,3,0,B,1,0,1,0.11622611328487159,-0.998782731362735,26
672,0,2,male,6,0,0,1,0,M,0,1,1,2.9965810017840813,2.3649518037965165,10
673,1,2,male,4,0,0,1,0,M,0,1,1,0.11622611328487159,-0.042124285583498344,13
674,0,2,male,4,0,0,0,0,M,0,1,1,0.24682381773527334,0.0670145614959581,0
675,0,3,male,1,0,0,0,0,M,0,1,1,-0.8438921828815316,-0.2890038844942691,7
676,0,3,male,3,0,0,1,0,M,0,1,1,-0.36383303479833,0.3127651378507346,8
677,1,3,female,1,0,0,1,0,M,0,1,2,-0.8438921828815316,-0.2890038844942691,9
678,0,3,female,6,1,6,3,0,M,7,0,3,1.002489155900013,2.0254923552942063,5
679,1,1,male,5,0,1,5,2,B,1,0,1,0.48550238104118054,-0.8444829820435034,256
680,0,3,female,1,0,0,1,1,M,0,1,2,-0.9825045790393345,-0.46275881959723003,8
681,1,1,male,3,0,0,3,2,D,0,1,1,-0.17919490092017554,-1.1222225308181204,76
682,0,3,male,2,0,0,1,0,M,0,1,1,-0.696181675779008,-0.10384418531119104,9
683,0,3,male,1,5,2,3,0,M,7,0,1,-1.1393131970865789,-0.6593232828604253,5
684,0,2,male,6,1,1,3,0,M,2,0,1,2.258028466271463,1.7477528065195898,13
685,0,2,male,3,1,2,3,2,M,3,0,1,-0.32690540802269913,-0.41244368394965447,10
686,0,3,male,1,4,1,3,0,M,5,0,1,-1.1393131970865789,-0.6593232828604253,6
687,0,3,male,2,0,0,1,0,M,0,1,1,-0.7700369293302698,-0.19642403490273008,10
688,0,3,male,1,0,0,0,0,M,0,1,1,-0.8438921828815316,-0.2890038844942691,7
689,1,1,female,1,0,1,4,0,B,1,0,2,-1.0654579435353169,-1.4925419291842765,105
690,1,1,male,4,1,0,3,0,B,1,0,1,0.11622611328487159,-0.998782731362735,28
691,1,3,female,0,0,1,1,2,M,1,0,2,-1.8778657325991965,-1.5851217787758156,6
692,1,3,male,4,0,0,3,0,M,0,1,1,-0.05180265134485492,0.703904895404508,56
693,0,3,male,3,0,0,0,2,M,0,1,1,-0.32690540802269913,0.35905506264650416,7
694,0,1,male,6,0,0,2,0,M,0,1,5,2.258028466271463,-0.10384418531119104,26
695,0,2,male,6,0,0,1,0,M,0,1,1,1.667186437861369,1.253993608698048,13
696,0,3,male,6,0,0,1,0,M,0,1,1,1.0763444094512749,2.1180722048857454,8
697,1,3,female,1,0,0,0,1,M,0,1,2,-0.9825045790393345,-0.46275881959723003,7
698,0,1,male,6,1,1,4,2,C,2,0,1,1.4456206772075837,-0.44330363381350085,36
699,0,3,male,6,0,0,0,0,F,0,1,1,0.9286339023487512,1.9329125057026677,7
700,1,1,female,1,1,0,4,2,C,1,0,3,-0.8438921828815316,-1.3999620795927374,113
701,1,1,male,5,0,0,2,0,E,0,1,1,0.4116471274899187,-0.8753429319073497,26
702,0,3,female,1,0,1,2,2,M,1,0,2,-0.8438921828815316,-0.2890038844942691,7
703,0,3,male,3,0,0,0,1,M,0,1,1,-0.32690540802269913,0.35905506264650416,7
704,0,3,male,3,1,0,0,0,M,1,0,1,-0.2530501544714373,0.4516349122380432,3
705,0,2,male,5,0,0,2,0,M,0,1,1,0.7070681416949659,0.4516349122380432,26
706,1,2,female,6,0,0,1,0,M,0,1,3,1.1501996630025366,0.8219543106041993,13
707,1,1,male,6,0,0,2,0,E,0,1,1,0.9286339023487512,-0.6593232828604253,26
708,1,1,female,2,0,0,4,0,M,0,1,2,-0.5484711686764845,-1.2765222801373521,151
709,1,3,male,0,1,1,2,2,M,2,0,4,-1.778099594260367,-1.4600618319525782,5
710,1,1,female,3,0,0,3,2,C,0,1,2,-0.4007606615739609,-1.2148023804096595,49
711,0,1,male,6,0,0,2,0,C,0,1,1,0.8976486522956356,-0.6722702733205447,26
712,1,1,male,6,1,0,3,0,C,1,0,1,1.371765423656322,-0.4741635836773472,26
713,0,3,male,4,0,0,1,0,M,0,1,1,-0.03148439381765197,0.7293744610126602,9
714,0,2,male,6,0,0,1,0,M,0,1,1,1.667186437861369,1.253993608698048,13
715,0,3,male,2,0,0,0,0,F,0,1,1,-0.7700369293302698,-0.19642403490273008,7
716,1,1,female,5,0,0,4,2,C,0,1,2,0.6332128881437041,-0.7827630823158106,227
717,1,2,female,3,0,0,1,0,E,0,1,2,-0.17919490092017554,-0.2890038844942691,10
718,0,3,male,4,0,0,2,1,M,0,1,1,-0.05180265134485492,0.703904895404508,15
719,0,3,male,4,0,0,0,0,M,0,1,1,0.2639366203873952,1.0996938593788164,7
720,1,2,female,0,0,1,3,0,M,1,0,2,-1.730155225496673,-1.5851217787758156,16
721,0,3,male,1,1,0,0,0,M,1,0,1,-0.9177474364327934,-0.38158373408580815,3
722,0,2,male,5,0,0,1,0,M,0,1,1,0.33779187393865695,0.14303541359957972,13
723,0,2,male,6,0,0,1,0,M,0,1,1,1.5194759307588455,1.1305538092426628,13
724,1,1,male,3,1,0,3,0,E,1,0,1,-0.17919490092017554,-1.1222225308181204,26
725,0,3,male,2,0,0,1,0,M,0,1,1,-0.696181675779008,-0.10384418531119104,8
726,1,2,female,4,3,0,2,0,M,3,0,3,0.04237085973360981,-0.10384418531119104,5
727,1,3,female,1,0,0,0,1,M,0,1,2,-0.9825045790393345,-0.46275881959723003,7
728,0,2,male,3,1,0,2,0,M,1,0,1,-0.32690540802269913,-0.41244368394965447,13
729,0,3,female,3,1,0,1,0,M,1,0,2,-0.32690540802269913,0.35905506264650416,3
730,1,1,female,4,0,0,4,0,B,0,1,2,-0.03148439381765197,-1.0605026310904277,211
731,0,3,male,0,0,0,2,2,M,0,1,1,-1.3608789577403642,-0.9370628316350423,18
732,0,2,male,4,0,0,0,0,M,0,1,1,0.24682381773527334,0.0670145614959581,0
733,0,2,male,3,0,0,1,0,M,0,1,1,-0.47461591512522266,-0.5358834834050399,13
734,0,2,male,3,0,0,1,0,M,0,1,1,-0.47461591512522266,-0.5358834834050399,13
735,0,3,male,4,0,0,2,0,M,0,1,1,-0.06841202059328287,0.6830845362168908,16
736,0,3,female,6,1,3,3,0,M,4,0,3,1.371765423656322,2.488391603251902,6
737,1,1,male,5,0,0,5,2,B,0,1,1,0.4116471274899187,-0.8753429319073497,512
738,0,3,male,4,0,0,0,0,M,0,1,1,-0.05180265134485492,0.703904895404508,7
739,0,3,male,4,0,0,0,0,M,0,1,1,-0.05180265134485492,0.703904895404508,7
740,1,1,male,6,0,0,2,0,D,0,1,1,0.8976486522956356,-0.6722702733205447,30
741,0,1,male,5,1,0,3,0,C,1,0,1,0.48550238104118054,-0.8444829820435034,39
742,1,1,female,2,2,2,5,2,B,4,0,2,-0.6223264222277463,-1.3073822300011986,52
743,0,3,male,3,1,0,2,0,M,1,0,1,-0.4007606615739609,0.2664752130549651,8
744,1,3,male,4,0,0,1,0,M,0,1,1,0.11622611328487159,0.9145341601957383,7
745,0,1,male,6,1,1,3,0,B,2,0,5,2.9965810017840813,0.20475531332727243,23
746,0,3,male,1,1,1,2,0,M,2,0,1,-0.9916026899840552,-0.4741635836773472,6
747,1,2,female,4,0,0,1,0,M,0,1,2,0.04237085973360981,-0.10384418531119104,13
748,0,1,male,2,1,0,3,0,D,1,0,1,-0.7700369293302698,-1.3691021297288912,26
749,0,3,male,4,0,0,0,1,M,0,1,1,0.11622611328487159,0.9145341601957383,7
750,1,2,female,0,1,1,2,0,M,2,0,2,-1.8778657325991965,-1.708561578231201,7
751,1,3,male,0,0,1,1,0,E,1,0,4,-1.730155225496673,-1.3999620795927374,6
752,0,3,male,4,0,0,1,0,M,0,1,1,0.2639366203873952,1.0996938593788164,9
753,0,3,male,3,0,0,0,0,M,0,1,1,-0.47461591512522266,0.17389536346342607,7
754,1,2,female,6,1,2,3,0,M,3,0,3,1.371765423656322,1.0071140097872773,16
755,1,2,male,0,1,1,2,0,M,2,0,4,-2.123803726924898,-1.9140888443244175,4
756,0,3,male,4,0,0,0,0,M,0,1,1,-0.10533964736891376,0.6367946114211213,7
757,0,2,male,1,0,0,1,0,M,0,1,1,-0.8438921828815316,-0.8444829820435034,11
758,0,3,male,5,0,0,1,0,M,0,1,1,0.33779187393865695,1.1922737089703555,8
759,1,1,female,4,0,0,3,0,B,0,1,5,0.2639366203873952,-0.9370628316350423,86
760,0,3,male,4,0,0,2,0,M,0,1,1,-0.05180265134485492,0.703904895404508,14
761,0,3,male,6,0,0,0,0,M,0,1,1,0.8547786487974894,1.8403326561111286,7
762,1,3,male,2,0,0,0,2,M,0,1,1,-0.696181675779008,-0.10384418531119104,7
763,1,1,female,5,1,2,4,0,B,3,0,3,0.48550238104118054,-0.8444829820435034,30
764,0,3,male,1,0,0,0,0,M,0,1,1,-0.9916026899840552,-0.4741635836773472,7
765,1,1,female,6,1,0,3,0,D,1,0,3,1.5933311843101072,-0.38158373408580815,38
766,0,1,male,6,0,0,3,2,M,0,1,5,1.425478335329967,-0.451719983776368,39
767,0,3,female,4,0,0,0,1,M,0,1,2,0.0792984865092407,0.8682442353999689,7
768,0,3,male,4,1,0,2,1,M,1,0,1,-0.05180265134485492,0.703904895404508,12
769,0,3,male,4,0,0,1,0,M,0,1,1,0.1900813668361334,1.0071140097872773,8
770,0,3,male,3,0,0,1,0,M,0,1,1,-0.4007606615739609,0.2664752130549651,9
771,0,3,male,6,0,0,0,0,M,0,1,1,1.371765423656322,2.488391603251902,7
772,0,2,female,6,0,0,1,0,E,0,1,3,2.036462705617678,1.5625931073365116,10
773,0,3,male,4,0,0,0,2,M,0,1,1,-0.05180265134485492,0.703904895404508,7
774,1,2,female,6,1,3,2,0,M,4,0,3,1.8148969449638928,1.3774334081534336,4
775,0,3,male,1,0,0,0,0,M,0,1,1,-0.8438921828815316,-0.2890038844942691,7
776,0,3,male,4,0,0,0,1,F,0,1,1,-0.05180265134485492,0.703904895404508,7
777,1,3,female,0,0,0,1,0,M,0,1,2,-1.8040104790479348,-1.4925419291842765,12
778,0,3,male,4,0,0,0,1,M,0,1,1,-0.05180265134485492,0.703904895404508,7
779,1,1,female,6,0,1,4,0,B,1,0,3,1.002489155900013,-0.6284633329965789,105
780,1,3,female,1,0,0,0,2,M,0,1,2,-1.2131684506378406,-0.7519031324519643,7
781,1,1,female,1,1,0,3,0,B,1,0,3,-0.9177474364327934,-1.4308220294565839,28
782,0,1,male,4,0,0,2,0,D,0,1,1,-0.03148439381765197,-1.0605026310904277,30
783,0,3,male,4,1,2,2,0,M,3,0,1,-0.05180265134485492,0.703904895404508,5
784,0,3,male,3,0,0,0,0,M,0,1,1,-0.32690540802269913,0.35905506264650416,7
785,0,3,male,3,0,0,0,0,M,0,1,1,-0.32690540802269913,0.35905506264650416,7
786,1,3,female,1,0,0,0,0,M,0,1,2,-0.8438921828815316,-0.2890038844942691,7
787,0,3,male,0,4,1,2,1,M,5,0,4,-1.5824447183941495,-1.2148023804096595,4
788,1,3,male,0,1,2,2,0,M,3,0,4,-2.099431493252982,-1.8628613275504327,5
789,0,1,male,6,0,0,3,2,B,0,1,1,1.2240549165537984,-0.5358834834050399,79
790,0,3,male,4,0,0,0,1,M,0,1,1,-0.05180265134485492,0.703904895404508,7
791,0,2,male,1,0,0,2,0,M,0,1,1,-0.9916026899840552,-0.9679227814988887,26
792,0,3,female,1,8,2,3,0,M,10,0,2,-0.9825045790393345,-0.46275881959723003,6
793,0,1,male,6,0,0,2,2,M,0,1,1,0.8976486522956356,-0.6722702733205447,30
794,0,3,male,3,0,0,0,0,M,0,1,1,-0.32690540802269913,0.35905506264650416,7
795,0,2,male,5,0,0,1,0,M,0,1,1,0.7070681416949659,0.4516349122380432,13
796,1,1,female,6,0,0,2,0,D,0,1,5,1.4456206772075837,-0.44330363381350085,25
797,1,3,female,4,0,0,1,0,M,0,1,3,0.11622611328487159,0.9145341601957383,8
798,0,3,male,4,0,0,0,2,M,0,1,1,0.04237085973360981,0.8219543106041993,7
799,0,3,female,4,1,1,2,0,M,2,0,3,0.04237085973360981,0.8219543106041993,8
800,0,2,male,5,0,0,1,0,M,0,1,1,0.33779187393865695,0.14303541359957972,13
801,1,2,female,4,1,1,2,0,M,2,0,3,0.11622611328487159,-0.042124285583498344,8
802,1,1,male,0,1,2,4,0,B,3,0,4,-1.3608789577403642,-1.6159817286396618,30
803,1,3,male,0,0,1,1,2,M,1,0,4,-2.1422675403127136,-1.9165576403135254,4
804,1,3,male,3,0,0,0,0,M,0,1,1,-0.17919490092017554,0.5442147618295822,6
805,0,3,male,4,0,0,0,0,M,0,1,1,0.11622611328487159,0.9145341601957383,7
806,0,1,male,5,0,0,0,0,A,0,1,1,0.7070681416949659,-0.7519031324519643,0
807,0,3,female,1,0,0,0,0,M,0,1,2,-0.8438921828815316,-0.2890038844942691,7
808,0,2,male,5,0,0,1,0,M,0,1,1,0.7070681416949659,0.4516349122380432,13
809,1,1,female,4,1,0,3,0,E,1,0,3,0.2639366203873952,-0.9370628316350423,26
810,0,3,male,3,0,0,0,0,M,0,1,1,-0.2530501544714373,0.4516349122380432,7
811,0,3,male,5,0,0,2,0,M,0,1,1,0.7070681416949659,1.6551729569280507,24
812,0,2,male,5,0,0,1,0,M,0,1,1,0.4116471274899187,0.20475531332727243,10
813,0,3,female,0,4,2,3,0,M,6,0,2,-1.730155225496673,-1.3999620795927374,4
814,0,3,male,4,0,0,1,0,M,0,1,1,0.0792984865092407,0.8682442353999689,8
815,0,1,male,6,0,0,0,0,B,0,1,1,0.8976486522956356,-0.6722702733205447,0
816,0,3,female,3,0,0,1,0,M,0,1,2,-0.47461591512522266,0.17389536346342607,7
817,0,2,male,4,1,1,3,2,M,2,0,1,0.11622611328487159,-0.042124285583498344,12
818,0,3,male,6,0,0,0,0,M,0,1,1,1.002489155900013,2.0254923552942063,6
819,0,3,male,0,3,2,2,0,M,5,0,4,-1.434734211291626,-1.0296426812265813,4
820,1,1,female,6,1,1,3,0,B,2,0,3,1.667186437861369,-0.3507237842219618,31
821,1,3,male,3,0,0,1,0,M,0,1,1,-0.17919490092017554,0.5442147618295822,8
822,0,1,male,5,0,0,0,0,M,0,1,5,0.6332128881437041,-0.7827630823158106,0
823,1,3,female,3,0,1,1,0,E,1,0,3,-0.17919490092017554,0.5442147618295822,6
824,0,3,male,0,4,1,3,0,M,5,0,4,-2.0255762397017203,-1.7702814779588936,6
825,0,3,male,4,0,0,0,1,M,0,1,1,-0.05180265134485492,0.703904895404508,6
826,0,3,male,4,0,0,3,0,M,0,1,1,-0.05180265134485492,0.703904895404508,56
827,1,2,male,0,0,2,3,2,M,2,0,4,-2.099431493252982,-1.893721277414279,12
828,1,3,male,4,0,0,0,1,M,0,1,1,-0.05180265134485492,0.703904895404508,7
829,1,1,female,6,0,0,3,0,B,0,1,3,2.405738973373987,-0.042124285583498344,80
830,1,3,female,1,1,0,2,2,M,1,0,3,-1.0654579435353169,-0.5667434332688862,7
831,1,2,male,0,1,1,2,0,M,2,0,4,-2.1119868863566964,-1.904213660367987,6
832,0,3,male,4,0,0,0,2,M,0,1,1,-0.05180265134485492,0.703904895404508,7
833,0,3,male,3,0,0,0,0,M,0,1,1,-0.47461591512522266,0.17389536346342607,7
834,0,3,male,1,0,0,1,0,M,0,1,1,-0.8438921828815316,-0.2890038844942691,8
835,1,1,female,5,1,1,3,2,E,2,0,2,0.7070681416949659,-0.7519031324519643,27
836,0,3,male,2,0,0,1,0,M,0,1,1,-0.6223264222277463,-0.011264335719652002,8
837,0,3,male,4,0,0,1,0,M,0,1,1,-0.05180265134485492,0.703904895404508,8
838,1,3,male,4,0,0,3,0,M,0,1,1,0.1900813668361334,1.0071140097872773,56
839,1,1,male,6,0,0,2,2,C,0,1,1,0.8976486522956356,-0.6722702733205447,29
840,0,3,male,2,0,0,1,0,M,0,1,1,-0.696181675779008,-0.10384418531119104,7
841,0,2,male,1,0,0,1,0,M,0,1,1,-0.9916026899840552,-0.9679227814988887,10
842,1,1,female,4,0,0,2,2,M,0,1,2,0.04237085973360981,-1.0296426812265813,31
843,0,3,male,5,0,0,0,2,M,0,1,1,0.37471950071428783,1.238563633766125,6
844,0,3,male,1,0,0,1,0,M,0,1,1,-0.9177474364327934,-0.38158373408580815,8
845,0,3,male,6,0,0,0,0,M,0,1,1,0.9286339023487512,1.9329125057026677,7
846,0,3,male,4,8,2,3,0,M,10,0,1,-0.05180265134485492,0.703904895404508,6
847,0,3,male,5,0,0,0,2,M,0,1,1,0.4116471274899187,1.2848535585618945,7
848,0,2,male,4,0,1,3,0,M,1,0,5,-0.10533964736891376,-0.2272839847665764,16
849,1,1,female,5,1,0,3,2,C,1,0,3,0.8104654966667323,-0.7086992026425795,44
850,0,3,male,0,4,2,3,0,M,6,0,4,-1.8778657325991965,-1.5851217787758156,4
851,0,3,male,6,0,0,0,0,M,0,1,1,3.2920020159891283,4.895467692631916,7
852,0,3,female,0,1,1,2,2,M,2,0,2,-1.5085894648428877,-1.1222225308181204,5
853,1,1,female,1,0,1,3,0,D,1,0,2,-0.9916026899840552,-1.4616819793204303,19
854,0,2,female,6,1,0,2,0,M,1,0,3,1.0763444094512749,0.7602344108765067,13
855,1,3,female,1,0,1,1,0,M,1,0,3,-0.8438921828815316,-0.2890038844942691,4
856,1,1,female,6,1,1,4,0,M,2,0,3,1.1501996630025366,-0.5667434332688862,54
857,1,1,male,6,0,0,2,0,E,0,1,1,1.5933311843101072,-0.38158373408580815,26
858,1,3,female,3,0,3,2,2,M,3,0,3,-0.4007606615739609,0.2664752130549651,4
859,0,3,male,4,0,0,0,2,M,0,1,1,-0.05180265134485492,0.703904895404508,7
860,0,3,male,6,2,0,1,0,M,2,0,1,0.8547786487974894,1.8403326561111286,4
861,0,2,male,2,1,0,1,0,M,1,0,1,-0.6223264222277463,-0.6593232828604253,5
862,1,1,female,6,0,0,2,0,D,0,1,3,1.371765423656322,-0.4741635836773472,25
863,0,3,female,1,8,2,3,0,M,10,0,2,-0.9825045790393345,-0.46275881959723003,6
864,0,2,male,3,0,0,1,0,M,0,1,1,-0.4007606615739609,-0.4741635836773472,13
865,1,2,female,6,0,0,1,0,M,0,1,3,0.9286339023487512,0.6367946114211213,13
866,1,2,female,3,1,0,1,2,M,1,0,2,-0.17919490092017554,-0.2890038844942691,6
867,0,1,male,4,0,0,3,0,A,0,1,1,0.11622611328487159,-0.998782731362735,50
868,0,3,male,4,0,0,1,0,M,0,1,1,-0.05180265134485492,0.703904895404508,9
869,1,3,male,0,1,1,1,0,M,2,0,4,-1.8778657325991965,-1.5851217787758156,3
870,0,3,male,3,0,0,0,0,M,0,1,1,-0.2530501544714373,0.4516349122380432,7
871,1,1,female,6,1,1,3,0,D,2,0,3,1.2979101701050602,-0.5050235335411936,17
872,0,1,male,4,0,0,0,0,B,0,1,1,0.2639366203873952,-0.9370628316350423,5
873,0,3,male,6,0,0,1,0,M,0,1,1,1.2979101701050602,2.3958117536603627,9
874,1,2,female,4,1,0,2,2,M,1,0,3,-0.10533964736891376,-0.2272839847665764,12
875,1,3,female,1,0,0,0,2,M,0,1,2,-1.0654579435353169,-0.5667434332688862,7
876,0,3,male,2,0,0,1,0,M,0,1,1,-0.696181675779008,-0.10384418531119104,9
877,0,3,male,2,0,0,0,0,M,0,1,1,-0.7700369293302698,-0.19642403490273008,7
878,0,3,male,4,0,0,0,0,M,0,1,1,-0.05180265134485492,0.703904895404508,7
879,1,1,female,6,0,1,3,2,C,1,0,3,1.9626074520664163,-0.2272839847665764,41
880,1,2,female,3,0,1,2,0,M,1,0,3,-0.32690540802269913,-0.41244368394965447,13
881,0,3,male,4,0,0,0,0,M,0,1,1,0.2639366203873952,1.0996938593788164,7
882,0,3,female,2,0,0,1,0,M,0,1,2,-0.5484711686764845,0.08131551387188703,10
883,0,2,male,4,0,0,1,0,M,0,1,1,-0.10533964736891376,-0.2272839847665764,10
884,0,3,male,3,0,0,0,0,M,0,1,1,-0.32690540802269913,0.35905506264650416,7
885,0,3,female,5,0,5,2,1,M,5,0,3,0.7070681416949659,1.6551729569280507,4
886,0,2,male,3,0,0,1,0,M,0,1,5,-0.17919490092017554,-0.2890038844942691,13
887,1,1,female,2,0,0,2,0,B,0,1,2,-0.7700369293302698,-1.3691021297288912,30
888,0,3,female,1,1,2,2,0,M,3,0,2,-0.9825045790393345,-0.46275881959723003,5
889,1,1,male,3,0,0,2,2,C,0,1,1,-0.2530501544714373,-1.1530824806819668,30
890,0,3,male,4,0,0,0,1,M,0,1,1,0.1900813668361334,1.0071140097872773,7
